,Mode,Frequency,Percentage
1,Walk,16649,0.09926841047717286
2,Bicycle,3165,0.018871074488573013
3,Driving,131621,0.7847803144582839
4,Bus,8867,0.052868820691999024
5,Rail,7415,0.04421137988397121
